karla,robinson,karla@gmail.com,123456789,2015-08-24T00:00:00+00:00
Dennis,Kling,garry_kuhic@yahoo.com,(411) 474-6573 x8847,2016-08-23T20:37:32-05:00
Federico,Douglas,lila.greenfelder@gmail.com,1-424-202-5610 x451,2016-08-24T20:47:53-05:00
Mariah,Hagenes,keyon@yahoo.com,714.266.6823 x9914,2016-08-24T22:38:22-05:00
Destiny,Klein,darren.treutel@gmail.com,847.124.2960 x41547,2016-08-24T20:20:33-05:00
Mattie,Schultz,vincent.west@gmail.com,(528) 195-2621 x578,2016-08-23T18:20:38-05:00
Melissa,Robel,kavon@yahoo.com,1-637-447-2603,2016-08-24T05:05:05-05:00
Luella,Barton,pansy@yahoo.com,797.839.3410 x3005,2016-08-24T15:59:31-05:00
Earnestine,Lang,noelia_windler@gmail.com,(887) 781-5918 x424,2016-08-24T00:39:14-05:00
Katelin,Turner,marcel@gmail.com,1-631-398-8566,2016-08-24T19:13:46-05:00
Darrell,Kemmer,martin@hotmail.com,1-674-195-2744 x91001,2016-08-24T12:20:50-05:00
Maxime,Reichert,lilyan@yahoo.com,267.263.9823 x623,2016-08-24T05:22:37-05:00
Marge,Berge,brennan.fritsch@hotmail.com,568.717.2274 x4930,2016-08-23T10:06:00-05:00
Furman,Koelpin,guido.olson@yahoo.com,473.527.8937,2016-08-23T01:36:37-05:00
Kennedy,Dach,mireille.grimes@gmail.com,1-606-685-2489 x761,2016-08-24T13:22:39-05:00
