Cary,Hammes,lourdes@gmail.com,123.432.6693 x392,2016-08-24 23:29:58 -0500
Dennis,Kling,garry_kuhic@yahoo.com,(411) 474-6573 x8847,2016-08-23 20:37:32 -0500
Federico,Douglas,lila.greenfelder@gmail.com,1-424-202-5610 x451,2016-08-24 20:47:53 -0500
Mariah,Hagenes,keyon@yahoo.com,714.266.6823 x9914,2016-08-24 22:38:22 -0500
Destiny,Klein,darren.treutel@gmail.com,847.124.2960 x41547,2016-08-24 20:20:33 -0500
Mattie,Schultz,vincent.west@gmail.com,(528) 195-2621 x578,2016-08-23 18:20:38 -0500
Melissa,Robel,kavon@yahoo.com,1-637-447-2603,2016-08-24 05:05:05 -0500
Luella,Barton,pansy@yahoo.com,797.839.3410 x3005,2016-08-24 15:59:31 -0500
Earnestine,Lang,noelia_windler@gmail.com,(887) 781-5918 x424,2016-08-24 00:39:14 -0500
Katelin,Turner,marcel@gmail.com,1-631-398-8566,2016-08-24 19:13:46 -0500
Darrell,Kemmer,martin@hotmail.com,1-674-195-2744 x91001,2016-08-24 12:20:50 -0500
Maxime,Reichert,lilyan@yahoo.com,267.263.9823 x623,2016-08-24 05:22:37 -0500
Marge,Berge,brennan.fritsch@hotmail.com,568.717.2274 x4930,2016-08-23 10:06:00 -0500
Furman,Koelpin,guido.olson@yahoo.com,473.527.8937,2016-08-23 01:36:37 -0500
Kennedy,Dach,mireille.grimes@gmail.com,1-606-685-2489 x761,2016-08-24 13:22:39 -0500
